Name,email,Password,Role
Meriel Boneham,mboneham0@paypal.com,BYUCPDUD0\,Lead
Dudley Oherlihy,doherlihy1@networkadvertising.org,ATXCDRJAB0~7TP,Member
Ema Kennerley,ekennerley2@pinterest.com,ZOECEQKVQR,Member
Tatum Cowill,tcowill3@php.net,RGMKOHMM68z,Member
Nobe Howlings,nhowlings4@baidu.com,HONRFUWNb0V4,Member
Angela Studart,astudart5@mozilla.com,NLWVJAL7r$,Manager
Leonelle Cullip,lcullip6@hao123.com,DVPYPEE=a><<,Manager
Zandra Moller,zmoller7@forbes.com,"NRKEOZS.,0rG",Manager
Henderson Curnick,hcurnick8@telegraph.co.uk,IOVAEXAuV9xg,Member
Calley Sawart,csawart9@shutterfly.com,EJQTOBXuRB,Manager
Barr Jailler,bjaillera@livejournal.com,NOBBQLHo3z%~i<Zb,Lead
Tracey Fossord,tfossordb@t-online.de,"NTRYLBOtP\,n`",Lead
Tulley Witch,twitchc@ted.com,DELJIHEITDbs,Manager
Jorie Barnewell,jbarnewelld@google.com.br,FHRQHUWA'i&u7,Lead
Elfreda Rahill,erahille@themeforest.net,ZCNTLXB|D3iAzp,Member
Avis Bourner,abournerf@narod.ru,PAJKHBQ7wm3#6$,Lead
Nick Khristyukhin,nkhristyukhing@tinypic.com,XRRMPEFg1,Member
Elnar Yard,eyardh@devhub.com,PZULSBAJwO,Manager
Caldwell Skoate,cskoatei@canalblog.com,"ETWYWYWw,ydM55B",Manager
Alfy Keese,akeesej@hhs.gov,AILVUTLb}3*pU,Member
Greg Rickett,grickettk@craigslist.org,LLMQIAB`\l,Lead
Sig Loynes,sloynesl@4shared.com,TKBHTXE@&/h9_gy5,Manager
Bradly Dreakin,bdreakinm@bandcamp.com,BNMTSEN\=RRd~,Manager
Darb Gerran,dgerrann@zimbio.com,IYZYQKWYjL5fNSSe,Manager
Brigg Leahair,bleahairo@columbia.edu,"BBKBDWXf,BP&lG",Lead
Malcolm Elwell,melwellp@salon.com,LPZIQAU#xC9,Manager
Calla Fairlamb,cfairlambq@ucoz.ru,SCYNPMXL9,Lead
Keslie Babbage,kbabbager@alibaba.com,CEOYUMCh.zP,Member
Cloris Muge,cmuges@spiegel.de,UUNUOZNZ+741,Manager
Lyn Keer,lkeert@seattletimes.com,TLAWWHTjI3<q,Member
Cynthea Gringley,cgringleyu@mit.edu,JOCUFKObz!xSkA`,Member
Alleyn Valett,avalettv@auda.org.au,"ETMWZQB0IdQH=,BU",Member
Elton MacSherry,emacsherryw@bravesites.com,WKNSWVF.@OzH}0',Manager
Elysha Hannan,ehannanx@ycombinator.com,GEKIULCU/b~,Lead
Emalia Ygo,eygoy@paypal.com,ZPIGOKQi#,Member
Uriel Southcombe,usouthcombez@auda.org.au,EVNQOMVo3}TP(xn,Manager
Hebert Rollason,hrollason10@google.co.jp,"UJMDBRA~`_""Qzm#",Lead
Mil Cromett,mcromett11@rakuten.co.jp,ATLWKEHtb,Member
Marianne Dunstan,mdunstan12@cmu.edu,XRIAHGP#~>M,Member
Che Ferier,cferier13@google.com.br,NMNHJQKjPC,Lead
Karisa Slaymaker,kslaymaker14@canalblog.com,BUJLTKD?v,Member
Terry Desforges,tdesforges15@tmall.com,NHXMKHG#csGgV,Lead
Ryon Bathurst,rbathurst16@google.nl,SABVHOP'EHVB#E,Lead
Rey Clempton,rclempton17@miibeian.gov.cn,UQKFLTTq,Member
Aveline Dwelling,adwelling18@ft.com,"VFTJPYYp""",Member
Alvinia Marson,amarson19@rambler.ru,LPMYWJDf/,Member
Audie Reap,areap1a@discovery.com,HVHHQXX5aB(,Manager
Anderson Geeson,ageeson1b@state.gov,"TRGUOCPi=y,OBosq",Manager
Elnar Chalke,echalke1c@xrea.com,WKUKZROdM,Manager
Gib Ather,gather1d@people.com.cn,OILRZHZT=JI,Member
Meghan Bootell,mbootell1e@acquirethisname.com,ZTVYEWHy,Member
Elbert Maypother,emaypother1f@bigcartel.com,DGTJDNF?q!=`>,Manager
Winni Seage,wseage1g@shinystat.com,WVKUBLP&YO,Member
Zitella Annell,zannell1h@last.fm,QQICEJBMfZ9?,Manager
Claudie Balden,cbalden1i@ft.com,ENUVIXJ'(Ira6K#J,Lead
Kienan Lamort,klamort1j@intel.com,NKAADJDh9sNgq,Member
Tabb Mussolini,tmussolini1k@so-net.ne.jp,ZFQXBBZs#g_,Manager
Eduard Besnard,ebesnard1l@tamu.edu,DKZXOPZny,Member
Ardis Turk,aturk1m@1und1.de,RZEKCUVc0&Bqe=}R,Member
Virgina Comizzoli,vcomizzoli1n@kickstarter.com,WLMPKNBVlt_&L?X&,Lead
Claudian Danelut,cdanelut1o@yahoo.co.jp,KOTFFYWPGuwQ_,Member
Orsa Hutcheon,ohutcheon1p@furl.net,DZOSMVWt=_S4V#,Lead
Evangelina McLanaghan,emclanaghan1q@gnu.org,UCUKXGN!TJY,Lead
Rodrick Casolla,rcasolla1r@statcounter.com,INWKSPMH,Manager
Micheil Wolseley,mwolseley1s@cdbaby.com,"HXOWZIJ4xXE""TTR?",Member
Ambros Scott,ascott1t@marriott.com,XEVVCNK+8/L),Lead
Rheba Balf,rbalf1u@bigcartel.com,"QSSEGTQ<eesWO""{k",Lead
Andrei Killough,akillough1v@ucoz.ru,BWEPMQIE<dBjp`,Manager
Fletcher Bordes,fbordes1w@tuttocitta.it,RPHSEJD@zt,Manager
Heda Allone,hallone1x@histats.com,JKHODDS591,Member
Carolyn Gocke,cgocke1y@buzzfeed.com,JYDKIUUi)lx1S,Member
Aksel Edington,aedington1z@about.com,PJJYSLYV%$1,Member
Angelina Zarfat,azarfat20@last.fm,XWQBIYZ$.,Manager
Claybourne Towey,ctowey21@tripod.com,DFJRZNQI,Lead
Dianne Story,dstory22@cdbaby.com,ZWVYTOY*yfODk/ZW,Member
Morgen Turfes,mturfes23@blinklist.com,RNGPBZKro`YqW,Lead
Fredelia Ayto,fayto24@furl.net,GIUPYRA)!,Lead
Waring Fox,wfox25@unc.edu,FWBAVDZA,Lead
Dani Ranner,dranner26@nsw.gov.au,NVARKESneJ},Member
Husain Simison,hsimison27@wp.com,ULXSTHCk6HE3?,Lead
Verne Videler,vvideler28@themeforest.net,VRGAIMS3zKp,Manager
Aaren Hankin,ahankin29@skyrock.com,DOOFLIPN|`}A<Z?,Manager
Milt Kersey,mkersey2a@springer.com,BNTVJCGOz(,Manager
Archibald Jedraszczyk,ajedraszczyk2b@go.com,QXVZJZBA,Member
Winifield Leguay,wleguay2c@intel.com,DGLVJLEX,Manager
Nelli Christmas,nchristmas2d@paginegialle.it,HXLRRIQTl,Member
Honoria Giorgi,hgiorgi2e@dedecms.com,TXXDRRFBUtm*Z!QR,Manager
Fredelia Nancarrow,fnancarrow2f@dailymotion.com,IYHZCRFO,Lead
Rhetta Lippiello,rlippiello2g@cisco.com,PLLMCPJ7!i$,Manager
Pooh Haste,phaste2h@si.edu,POWRQIBApw?,Manager
Bryana Killimister,bkillimister2i@nydailynews.com,LJGTRJS#yB<n,Lead
Deanna Skittreal,dskittreal2j@tuttocitta.it,ITPIKVYt$n06NQ,Manager
Jennilee Whytock,jwhytock2k@goo.gl,IGSZAHDTuFTlJP,Lead
Alexandros Eastmead,aeastmead2l@ameblo.jp,DZTNHQP8~Dpy#nS,Member
Janeen Shepard,jshepard2m@hostgator.com,YAPXGNIB@H3,Lead
Christina Kinavan,ckinavan2n@moonfruit.com,JCKNQJAqRzUKLW?z,Lead
Davon Niesegen,dniesegen2o@istockphoto.com,XCGEEJSAuoI,Lead
Illa Leadley,ileadley2p@123-reg.co.uk,JOZGFSLW9QpHPL,Member
Vin Freckingham,vfreckingham2q@tripadvisor.com,XJBQFOW?(YE`,Lead
Grace Woods,gwoods2r@jigsy.com,HRMNWBUGBo>Vg2,Member
Grantham Gulvin,ggulvin2s@bbb.org,IZZAQJRzro2NV,Manager
Orelia Barrell,obarrell2t@prlog.org,LZAYONKsevy?>,Member
Isaiah Pert,ipert2u@google.co.jp,ACYIKDQT6VZ,Manager
Pierson Tow,ptow2v@cocolog-nifty.com,LDDBMWJ&VP3?p2a,Lead
Darby Mathivet,dmathivet2w@youtube.com,MZCIENKLYq6o|,Member
Nicoli MacKeller,nmackeller2x@reference.com,OVREDGUT7kj,Lead
Welch Errigo,werrigo2y@washington.edu,WBQIHEW%*,Member
Darrel Arendt,darendt2z@wix.com,OFQDELVNb%IY,Manager
Beryle Moncreiff,bmoncreiff30@google.com.br,"HBRMYLY!_w,ync",Member
Jerrome Towse,jtowse31@goo.ne.jp,UZTGNMX'a,Manager
Jere Reynoldson,jreynoldson32@arstechnica.com,UNWMGXH*BlDIa6,Member
Ezequiel Rucklidge,erucklidge33@freewebs.com,HKKISZO6UeV,Manager
Katya Dodding,kdodding34@indiegogo.com,"VSWGLFL0wK""3oz",Lead
Germayne Hiley,ghiley35@amazon.co.uk,JRMESIJV+y=`,Lead
Perri Dyott,pdyott36@photobucket.com,ONZOQITqc\p,Member
Jamima Folks,jfolks37@chron.com,GHDTITLu0!O~,Member
Ekaterina Champe,echampe38@guardian.co.uk,GSHLFGEzpe`IvYH,Manager
Dalis Prettyjohn,dprettyjohn39@hostgator.com,SOIBYOI?0,Manager
Jacques Coat,jcoat3a@blogger.com,SSZSTFBD,Lead
Lucie Bakey,lbakey3b@ifeng.com,"NCAAUZQwVSLy,h",Member
Farrel Matchett,fmatchett3c@tmall.com,TVKWPGFDTWU>dz_,Lead
Elizabeth Eddis,eeddis3d@tamu.edu,BJINUSBT4,Member
Roderick Strevens,rstrevens3e@weather.com,VIHRLZGOja,Lead
Shep Peegrem,speegrem3f@merriam-webster.com,FTIRAJV#@,Lead
Aidan Tripney,atripney3g@xinhuanet.com,FPSRKQJ_Dz,Manager
Tam Volks,tvolks3h@shinystat.com,QRELWLOb08Ta,Lead
Celinda Scrigmour,cscrigmour3i@eventbrite.com,ZLLQOJNAAP,Member
Chloette Wyatt,cwyatt3j@flavors.me,YKWKEZVv,Lead
Erina Edelheid,eedelheid3k@51.la,NLPIPLOh',Manager
Colline Peasegood,cpeasegood3l@unicef.org,VSAMFDR$,Manager
Elsa Walkowski,ewalkowski3m@blogs.com,EJVTPGASxaN/QC,Lead
Gratiana Everex,geverex3n@stumbleupon.com,NUJJYHU})J,Lead
Audre Cordero,acordero3o@mozilla.org,KIXQRDB<k?9<@,Member
Lurlene Willgoose,lwillgoose3p@tripod.com,LSBAVKV7ND,Manager
Fae Lowseley,flowseley3q@sbwire.com,IBRCLAU&,Member
Shirlee Shires,sshires3r@blogspot.com,UIVWVFJ!~Yrf,Lead
Valentina MacCartney,vmaccartney3s@shareasale.com,LFUHXUQ|WFl#SJ7d,Manager
Gavrielle Sebastian,gsebastian3t@netlog.com,DROFENNR,Manager
Tabby Marwood,tmarwood3u@sitemeter.com,CBDLYIIg8ut}4d,Lead
Charmain Dulwitch,cdulwitch3v@uiuc.edu,IVHMEWU`,Manager
Zorana Cordy,zcordy3w@geocities.jp,UUZYDMVi?,Lead
Kittie Ravenscraft,kravenscraft3x@sitemeter.com,"NBLCDJLtnk0,",Member
Denny Westerman,dwesterman3y@php.net,EVBMNDIsFpFXm,Member
Thaddeus Kitson,tkitson3z@tamu.edu,ATJLFALP,Manager
Andreana Coslett,acoslett40@jigsy.com,DGBOXQIo9jn',Lead
Silvano Daintree,sdaintree41@privacy.gov.au,NPYXISMOdxtY,Member
Alexio Hacun,ahacun42@senate.gov,AUAZGIC{E,Lead
Roderick Billborough,rbillborough43@geocities.jp,RSWBHHVkN0q>m_7,Lead
Valentino Breheny,vbreheny44@webeden.co.uk,GCZCVOCui,Member
Nathalia Haslock,nhaslock45@amazon.co.uk,CBCRGOX99,Manager
Janka Cantillon,jcantillon46@wisc.edu,GQKFWKQ=+@+o$am,Lead
Wat Beeton,wbeeton47@biglobe.ne.jp,QMKQLPA87!e4uX,Lead
Quill Roddell,qroddell48@amazon.co.uk,IUWDKNLXe&1,Member
Zacharias Jenkison,zjenkison49@omniture.com,"MNSZXWV""nn",Member
Modesta Brindle,mbrindle4a@artisteer.com,TQCWGAEp,Lead
Johnathan Brumbye,jbrumbye4b@cbc.ca,KUVAGPFja!dZ7AD\,Lead
Hadrian Minchinton,hminchinton4c@businessinsider.com,"XWCQMFL1""9P",Member
Murray Byne,mbyne4d@businessweek.com,HZUKGTOT5?,Manager
Salim Purches,spurches4e@adobe.com,FMYVMHEESf1Hm`?n,Manager
Pearline Haugg,phaugg4f@salon.com,"TIELGCE$39.""?(.",Lead
Mabelle Savine,msavine4g@icio.us,TWBRNXC_KKu,Member
Kathleen Olczyk,kolczyk4h@liveinternet.ru,XVEJPCR!,Member
Tawnya Kensitt,tkensitt4i@home.pl,VMBAHWVOgtXQ,Lead
Lazare Canaan,lcanaan4j@boston.com,TDGJXIMf#?Mh{9d6,Manager
Philipa Donwell,pdonwell4k@goo.gl,KBXTEVE9`JrrQH+B,Lead
Darrelle Gannan,dgannan4l@guardian.co.uk,KLBXBZY`r_,Lead
Cara Seefeldt,cseefeldt4m@eventbrite.com,"VBHJWTIuJJ""Qz{@9",Lead
Davey Beaconsall,dbeaconsall4n@gnu.org,EWXGFBP)6r,Manager
Auberon Frediani,afrediani4o@123-reg.co.uk,SLUWMOBz$'hfY,Lead
Janek Appleton,jappleton4p@istockphoto.com,OVDNHHV~|<|c,Manager
Jennica Eite,jeite4q@fema.gov,RHUMRHUZu2HU3,Lead
Nadine Stormes,nstormes4r@blinklist.com,LCBHEIUHtYZSWOs,Lead
Abelard Lante,alante4s@yelp.com,KJCOPEPbx,Member
Edyth Baruch,ebaruch4t@google.de,ELTNZKLn|\L45,Lead
Cathi Garwell,cgarwell4u@scientificamerican.com,VOBMEULW&&,Member
Jarad Inkpen,jinkpen4v@ed.gov,IFHTLJRIvqpx,Manager
Genni Rushmere,grushmere4w@fc2.com,GZVFLHJk9GJR(&,Manager
Terrence Wroth,twroth4x@harvard.edu,DQDZDSGz~,Manager
Guss Paulucci,gpaulucci4y@zdnet.com,RFYVEAIhFZ`z+6n,Member
Patton Fullman,pfullman4z@wiley.com,HGZLODN5,Manager
Xavier Tassell,xtassell50@wp.com,RBMHKBGL$Xw'1,Manager
Bernarr Dominka,bdominka51@japanpost.jp,YKFXWSTd<u8/rk@,Member
Norri Waltho,nwaltho52@ehow.com,KLJTDLPA4kF_W,Lead
Ailbert Gimson,agimson53@joomla.org,PCYFZWPH,Manager
Lorrie Willcot,lwillcot54@artisteer.com,ZKUGHLR*IU`IKyo,Lead
Selene Tinson,stinson55@google.es,TVZGSGWxwCtxR=,Lead
Flemming Feldfisher,ffeldfisher56@smugmug.com,AHYRSWOf,Lead
Elnar Towns,etowns57@vkontakte.ru,GNFWXFAXzE._,Member
Felix MacDiarmid,fmacdiarmid58@purevolume.com,QDFJAHSXs\,Manager
Agace Spelwood,aspelwood59@google.com.hk,"BJTAHVB""M!6",Manager
Farlay Morford,fmorford5a@paypal.com,JIDVZCT_,Lead
Nonnah Wibrew,nwibrew5b@ask.com,GOYHQARD=DBWO%3,Lead
Rochette Bryenton,rbryenton5c@shutterfly.com,"JJNGALUoxqpQ0},",Manager
Nonnah Bruck,nbruck5d@smugmug.com,RIYMQPToS,Member
Kalila Ericssen,kericssen5e@usnews.com,"ZSBXOOV,snp&~",Lead
Addie Coulter,acoulter5f@auda.org.au,QPWWFTO@D69M~2,Member
Raquel Murie,rmurie5g@soup.io,BEOBBEBtN+5Q3#md,Lead
Luelle Thoresby,lthoresby5h@bravesites.com,QFJDBURjm/cb=,Member
Kristian Langridge,klangridge5i@un.org,VLVKOUMz>_,Lead
Phyllis Clapton,pclapton5j@adobe.com,QQBNQUT%ruZ_sr,Lead
Sampson Celez,scelez5k@utexas.edu,"QWSTQVVk,",Member
Elwin Kordas,ekordas5l@godaddy.com,IWKMCIUC3E#p83S,Member
Franny Greenlees,fgreenlees5m@freewebs.com,SHGNUWPc,Manager
Gerrie Stanlake,gstanlake5n@merriam-webster.com,RGYXOHDmf49',Manager
Cecilla Lafuente,clafuente5o@blogger.com,JHDIJUW%e4L,Member
Cyrillus Zorzoni,czorzoni5p@goodreads.com,VEMGUIYHZ,Member
Cathi Cant,ccant5q@go.com,ULRDPUA2@5+,Manager
Brook Ragat,bragat5r@usgs.gov,PAHRZBD9CQZ,Member
Katey Weth,kweth5s@blogs.com,KJLWYZF%$,Member
Victor Birk,vbirk5t@etsy.com,VEZQDMLQ(,Member
Kimble Sillick,ksillick5u@ameblo.jp,CNLSCEHdAz}<)0,Member
Chip Morena,cmorena5v@google.co.uk,QUVEGYF7ENeG>+,Manager
Johny Rostron,jrostron5w@ebay.co.uk,NNLLFLIsaay\,Manager
Ashley Cellone,acellone5x@patch.com,CTTUDMA~p,Member
Ansel Veelers,aveelers5y@goodreads.com,GUYKPME*,Lead
Johan Heinschke,jheinschke5z@odnoklassniki.ru,QPYYZYQHy`,Lead
Joleen Semaine,jsemaine60@seattletimes.com,ZHVXWMG>*{j,Lead
Angelica Stanyer,astanyer61@is.gd,QBFFVMWbU0W){,Member
Morten Scrymgeour,mscrymgeour62@youtu.be,"GMJJTJTp""",Manager
Tabitha Hartnell,thartnell63@usda.gov,COYWVBV|xG}ZYe,Manager
Calhoun Stenett,cstenett64@1688.com,WTTDUDE=T,Member
Viviene Dyke,vdyke65@sciencedirect.com,KGSYMVJrE184G|s,Manager
Bret Kellick,bkellick66@bigcartel.com,OFDYLNH<O,Member
Lilas Fyall,lfyall67@who.int,DFPEZYO!u9e2`,Lead
Cornela Rushmere,crushmere68@cdc.gov,IXAEBWVPM'K0,Member
Maryjane Drezzer,mdrezzer69@squarespace.com,EDDMTYWqC7(6?F,Member
Arleta Plumptre,aplumptre6a@sina.com.cn,DNWEYZYlBOK.MJ*,Manager
Marven Rawlin,mrawlin6b@photobucket.com,OTSICATW5{)sK,Manager
Antoine Cantu,acantu6c@163.com,"HXYSUAWj3KD""",Manager
Tyne Rawcliffe,trawcliffe6d@infoseek.co.jp,CZHNIZWw,Manager
Sauncho Morville,smorville6e@bravesites.com,ABWELFQ>>ldSjWO',Member
Meara Barmadier,mbarmadier6f@google.nl,IDWEIMWd*.AdA?,Member
Yanaton Haddy,yhaddy6g@prweb.com,BOHYPVGi9Ln~a,Manager
Alwyn Tift,atift6h@cdc.gov,KQULHEJCAJQRQk,Manager
Bary Pulham,bpulham6i@toplist.cz,ZFMLKHNn,Lead
Madelena Ebdin,mebdin6j@ifeng.com,OHGZZRMm,Manager
Lilllie McKyrrelly,lmckyrrelly6k@woothemes.com,SLFIPZFHLQ,Manager
Reinhold Ladlow,rladlow6l@buzzfeed.com,XZYJNRCe,Lead
Peterus O'Luby,poluby6m@examiner.com,"UCSUVKM!L""0q@)B",Manager
Devland Sundin,dsundin6n@blogtalkradio.com,DBEYDQH8|FcQ1,Member
Odell Cowburn,ocowburn6o@cpanel.net,TVLHQTIl4E2H,Manager
Damian Nowill,dnowill6p@businesswire.com,GKYEBFV\mgR,Member
Marigold Dagworthy,mdagworthy6q@unesco.org,"XLFIQNF""@mvG",Manager
Evonne Soonhouse,esoonhouse6r@example.com,JLYMZWNc8s?@OP,Manager
Aida Brookfield,abrookfield6s@answers.com,ZUSFJXOp'vM%*K,Lead
Hagen Senton,hsenton6t@parallels.com,ZXFXKXDhH/4,Manager
Rochella Osbaldeston,rosbaldeston6u@cyberchimps.com,LOWMMYJB,Lead
Curtice Wyldbore,cwyldbore6v@cafepress.com,QXJPHHX(d0IO,Member
Carey De Cruce,cde6w@ask.com,FKLKAWG?DHnY@6,Member
Graehme Glazier,gglazier6x@thetimes.co.uk,NPTGZXCiKSbe$,Manager
Vickie Dogerty,vdogerty6y@epa.gov,FRBWHGG~.!J,Lead
Iona Mee,imee6z@dyndns.org,OMQHYLTc&D4`~dZ+,Lead
Lyon Pandie,lpandie70@paypal.com,HAMSBYOiHhIr_y4,Lead
Norene Scouller,nscouller71@forbes.com,RYRRWXLkVcc747B,Lead
Elana Ennever,eennever72@tmall.com,JGRGYMK4,Member
Wendye Mandry,wmandry73@simplemachines.org,DBEPRYMBg>},Manager
Lamond Stroobant,lstroobant74@census.gov,"AKWQIJG,_6F<",Lead
Clyde Grahamslaw,cgrahamslaw75@cloudflare.com,"KYHCFMQ?(Bak.""",Member
Dena Krimmer,dkrimmer76@sfgate.com,"STUMLCRB~,hU",Member
Roland Isard,risard77@t.co,PRBAOWDU6\k,Member
Elinor Olwen,eolwen78@bloglines.com,MWUZONRwFeylg>.,Lead
Rory Pendrid,rpendrid79@gmpg.org,OVYNNLAc`h,Manager
Berta Emmins,bemmins7a@ocn.ne.jp,XQOQSWI%`,Lead
Dodie Ottawell,dottawell7b@examiner.com,TWNSNGLhO,Manager
Marlee Steer,msteer7c@networkadvertising.org,PVBYBSJE,Manager
Emmi McLugaish,emclugaish7d@mysql.com,MQFKBGW%G,Lead
Valentine Stollmeier,vstollmeier7e@whitehouse.gov,YGMCFDTFiEJ,Manager
Reina Mincher,rmincher7f@nhs.uk,ZWEFZKH!Ixe{,Lead
Karrah Greiswood,kgreiswood7g@fastcompany.com,VBBTQCHU,Member
Windy Bellin,wbellin7h@uol.com.br,UXZBEIYbQ,Member
Lane Matelyunas,lmatelyunas7i@cpanel.net,"GEGBXHRB""9_/{",Manager
Adrienne Osanne,aosanne7j@imageshack.us,ZEMFKDPA6c)t*,Lead
Marsh Denley,mdenley7k@bloomberg.com,EKJINKY==,Lead
Ansley Kindley,akindley7l@hc360.com,AJJWSIK!o,Member
Millard Twiname,mtwiname7m@lycos.com,MDDAWRH6,Lead
Shannon Tevelov,stevelov7n@elegantthemes.com,QCRBQUU9)=r3W,Manager
Dacy Lanfere,dlanfere7o@mozilla.org,QOWRSDUP)Az>NS,Lead
Pepe Duke,pduke7p@blogs.com,XUYNUJATR?%K93rs,Member
Marc Shea,mshea7q@zimbio.com,OPVZELN0oS4!C,Member
Verena Cashman,vcashman7r@trellian.com,IUYHJAW0m=niIy!=,Lead
Yorgo Thornley,ythornley7s@etsy.com,IVPUAWTnpe>?p,Member
Lionel Woolner,lwoolner7t@soup.io,MQXAKRNCp,Manager
Salomo Dodds,sdodds7u@list-manage.com,XEMWNVBk<Y,Manager
Jacquenette Petrovsky,jpetrovsky7v@bravesites.com,LAKZLTGC42Y,Member
Chloe Ilett,cilett7w@twitpic.com,XMJTTKWsj?(4wQ,Lead
Mickie Featley,mfeatley7x@wunderground.com,WRAFMVH9(J9~U,Member
Artemus Pentycross,apentycross7y@ovh.net,"NSSXSYB|fJT,c",Member
Herminia Hanny,hhanny7z@addtoany.com,HSAHEUXF`?P,Manager
Clementia Norquay,cnorquay80@umich.edu,HBMVVTX?v|4yhXG9,Lead
Davina Mars,dmars81@eepurl.com,OXALDKMYz|$~y$),Lead
Leone Cluatt,lcluatt82@addtoany.com,JTWRHDBYB8E4u(I8,Manager
Hedy Dightham,hdightham83@ox.ac.uk,MMOMYEXAX4t,Manager
Karee Lemasney,klemasney84@amazonaws.com,KLJVGPS}*|\Dn(&,Member
Mohandas Heakey,mheakey85@sakura.ne.jp,MOWEHDE&pk,Manager
Clevie Doumer,cdoumer86@microsoft.com,ZHQBXOQ~&k,Member
Reider Aleixo,raleixo87@mlb.com,WLVTEGG%,Manager
Alma Rohmer,arohmer88@java.com,THZRXQX=KF<IxG,Manager
Katee Gullivent,kgullivent89@pcworld.com,"VNEZGHXBmCe""c?",Lead
Gonzales Jeacocke,gjeacocke8a@blog.com,AMRHCJHz#p,Lead
Arne Symcox,asymcox8b@nifty.com,LPYVKMEY,Manager
Michelina Dubose,mdubose8c@bbc.co.uk,JOXNAHE9h,Manager
Tara Mowsdell,tmowsdell8d@cafepress.com,BOYFFKBh,Member
Ulberto Di Meo,udi8e@omniture.com,TYQDGQT5SFQ`P,Member
Jacquelyn Arderne,jarderne8f@purevolume.com,LZFGEAC?%A5q<%,Lead
Sandi Faley,sfaley8g@networkadvertising.org,PNEMMTM$WM+<U@,Member
Barnett Yearns,byearns8h@storify.com,LUWEIFUuF'(21Is<,Manager
Gard De Hooch,gde8i@arstechnica.com,EDMUUAOd1RzwoL~k,Manager
Humberto Baccas,hbaccas8j@list-manage.com,SMGCYXQP4*u{DzQM,Member
Candida Lunt,clunt8k@is.gd,VABSYADMS~h,Manager
Aldis Coventon,acoventon8l@unicef.org,NWCIUIJU,Lead
Nico Birden,nbirden8m@weather.com,YEWNMQOM}T18i,Manager
Claudell Blondelle,cblondelle8n@feedburner.com,LDAGJIVnj,Manager
Eddie Nacci,enacci8o@purevolume.com,TJVUHJM(tlSxN,Lead
Zorina Gair,zgair8p@pen.io,KSWVCXQE.r,Manager
Haydon Gilley,hgilley8q@blogspot.com,SNZXZEED,Lead
Job Edon,jedon8r@scribd.com,RXHZWGS$K,Lead
Mallorie Mostyn,mmostyn8s@geocities.jp,RCQOLLY3j3TD8.,Manager
Verne Freestone,vfreestone8t@guardian.co.uk,BEZTHRMUp!L6\,Member
Fay McCallam,fmccallam8u@cam.ac.uk,UAZYKBZ0LDtZ,Member
Vincenty Mugford,vmugford8v@chronoengine.com,WZMSGQQqC#w!z6,Manager
Noak Piborn,npiborn8w@engadget.com,CIRCEYVo|fI!P,Member
Patty Harbach,pharbach8x@auda.org.au,FVIZYRFmRmrP,Lead
Glennie Caldwall,gcaldwall8y@moonfruit.com,KAJTVROMS6tBw8H,Manager
Dorene Braithwait,dbraithwait8z@studiopress.com,"MTKGAOCN8&,",Lead
Tedmund Duchenne,tduchenne90@nhs.uk,FBHIVMQwbsTgq%,Manager
Moe Mabbot,mmabbot91@fastcompany.com,FZJRDRM>,Lead
Indira Caselli,icaselli92@tamu.edu,BELIWBC=,Member
Karilynn Strode,kstrode93@springer.com,CAVMQUEy&<R?IM,Member
Pansy Hastewell,phastewell94@wiley.com,WVTSCHV=T>T{Q7k,Lead
Garek Gait,ggait95@yellowbook.com,MYSKVFY<kK%iz,Lead
Randolph Linneman,rlinneman96@bluehost.com,HWQWXPI~\K,Lead
Ermin Goranov,egoranov97@ft.com,KEEOQQSe@@,Lead
Bevvy Ponceford,bponceford98@google.com.hk,LCSSCFYe!r},Manager
Agnella Macellar,amacellar99@vistaprint.com,SQYRVUA78Kx#j{i,Manager
Celina Molines,cmolines9a@time.com,"HJPUKAQP""",Manager
Klement Fish,kfish9b@aboutads.info,MNQIBUL|,Lead
Sissie McKern,smckern9c@nbcnews.com,OGBUZCObj,Lead
Kandy Titta,ktitta9d@paginegialle.it,"WYJOYPGz?""LFB=S0",Lead
Zara McKague,zmckague9e@tinypic.com,OIVRGLDF%~,Manager
Hedy Mertsching,hmertsching9f@globo.com,"ZXLOIGT""ovqRM",Member
Richy Folbig,rfolbig9g@ebay.co.uk,PLHJCMZ#M8JF,Manager
Rosemaria Briddle,rbriddle9h@ehow.com,PYGWWNR$0a7nm,Lead
Allsun Heymann,aheymann9i@nature.com,PXWOXOIS{,Lead
Juli Gubbins,jgubbins9j@nature.com,LGWLYSY)GrOX?|v,Lead
Marysa Dunphy,mdunphy9k@usa.gov,PZYIQOO'/f?M5D4M,Lead
Gunner Old,gold9l@weibo.com,XEQUIXKR0z{,Manager
Verina Wickey,vwickey9m@wsj.com,MICHSXR`9y,Member
Stoddard Jilkes,sjilkes9n@altervista.org,TKRRFEPi,Lead
Nicola Kop,nkop9o@prlog.org,BEAYFCHCdOZ6M&nv,Member
Claudette Redpath,credpath9p@auda.org.au,EALZUJW3,Member
Aube Bailey,abailey9q@histats.com,CPPDTDXQ_,Manager
Rudie Gruszka,rgruszka9r@studiopress.com,ABINXWP1d,Manager
Olivero Shovell,oshovell9s@amazon.co.uk,LFTJXLIPw>,Lead
Jonis Emes,jemes9t@free.fr,XFYLSUK/Jo2(wk,Lead
Perry Olivo,polivo9u@nytimes.com,"FYMRGBX,c!rK3",Manager
Gian MacCourt,gmaccourt9v@webmd.com,WMPLBNUM,Lead
Colene Bickmore,cbickmore9w@etsy.com,WJYSUDL=OX\,Manager
Alfy Beatson,abeatson9x@squarespace.com,AXIGHAUcynQoEf,Lead
Lorelei Mainz,lmainz9y@go.com,QLZXJVCw,Member
Danika Bosman,dbosman9z@newsvine.com,XJBAQGW2pH6x_,Manager
Ilse Tortoise,itortoisea0@nps.gov,AELMPWZ_Z,Member
Pietrek Ivanichev,pivanicheva1@mayoclinic.com,EWSLWQA\!/h%D6,Lead
Ingeberg Crudgington,icrudgingtona2@bravesites.com,LMAMQTWn{U$}TX<,Lead
Radcliffe Kinner,rkinnera3@yahoo.co.jp,JZIUWPLcbBbQ,Manager
Darrick Kendle,dkendlea4@cam.ac.uk,BWLQKQO@,Member
Katina Louis,klouisa5@naver.com,PDBJXPJR8&,Lead
Bert Cattel,bcattela6@spotify.com,AFFWAEUw.,Member
Mark Fontel,mfontela7@cbsnews.com,ECADULSB}HTU,Lead
Melva Planke,mplankea8@businessweek.com,EGXOODQ``>rUF<Id,Lead
Rudolf O'Rowane,rorowanea9@arstechnica.com,SQENBBPuaSED,Lead
Nanny Sturror,nsturroraa@dmoz.org,BVXMEDUJ=!,Lead
Suzanna Vittori,svittoriab@is.gd,XKJUECRv=Pcp4&,Lead
Bernice Rendbaek,brendbaekac@springer.com,KPDRVVJ4mmg,Member
Michaela Kort,mkortad@dailymotion.com,NVPZGPKl5,Lead
Vale Kuhlen,vkuhlenae@vistaprint.com,DIXCRQH$j5A,Member
Debby Cordelette,dcordeletteaf@wikipedia.org,UZPYBHM.8n\T_ci,Manager
Lynnet Deerness,ldeernessag@w3.org,VCBTSEKdv,Manager
Garald Bennetto,gbennettoah@scribd.com,UBTKDZE/,Lead
Selle Francis,sfrancisai@facebook.com,PMZPLLCZ6?\3p,Lead
Mart Cowins,mcowinsaj@buzzfeed.com,VBFZURQ'|kq9p,Lead
Stepha Schimmang,sschimmangak@ycombinator.com,WJHJTIByya)4$=5,Lead
Ricki Winslade,rwinsladeal@upenn.edu,AQTEAWQ)e_tlCc,Manager
Clywd Pedron,cpedronam@sbwire.com,UTWBMCOv.Qrry,Lead
Stesha Bank,sbankan@cnet.com,UTOLWGCFVQ,Manager
Maure Bracknall,mbracknallao@ucla.edu,UUOFCBB9b,Member
Morty Milliere,mmilliereap@home.pl,JZJIKSL@cB*@,Member
Hamilton McLernon,hmclernonaq@webmd.com,OGFNTEX8e,Lead
Yvor Keatch,ykeatchar@devhub.com,NYUGACSTz=,Member
Sayer Bazylets,sbazyletsas@house.gov,XDHSISFEDY,Member
Garvy McClelland,gmcclellandat@va.gov,OTDFZIHUZ,Manager
Milicent Iacovaccio,miacovaccioau@hexun.com,MHCWVZKW,Member
Panchito Byart,pbyartav@nsw.gov.au,ITVWSOJ<)'LUI<,Manager
Mord Trevain,mtrevainaw@imgur.com,UZAININL&p)_?,Manager
Woody Hurring,whurringax@walmart.com,YJHUWIISM.kw8/,Member
Sammy Stother,sstotheray@zimbio.com,TPKYPWX\<_R2C,Lead
Ewell Castree,ecastreeaz@umich.edu,LUCAXRK_{JP{k,Member
Randi Peery,rpeeryb0@ehow.com,AZRLJCRm,Lead
Lizbeth Gobbett,lgobbettb1@illinois.edu,JQIWFKZa9U,Manager
Stormi McArdell,smcardellb2@youku.com,"EFMXIUO~7u,",Manager
Eulalie Klagges,eklaggesb3@yellowbook.com,IHUOXKIFLI1E5,Member
Marybeth Jarred,mjarredb4@soup.io,"UIQZENA$zsiM,UfJ",Manager
Ogdan Coysh,ocoyshb5@list-manage.com,WKILKFS(ol,Manager
Leodora Dusey,lduseyb6@usa.gov,EZSFWJSgPW@>4|,Manager
Erastus Penny,epennyb7@nifty.com,RALYFVKo,Manager
Sauncho Chatenier,schatenierb8@tiny.cc,WVCNMDHGI,Member
Felizio Dashwood,fdashwoodb9@redcross.org,ZOLJMNLrc,Member
Carena Terrill,cterrillba@chicagotribune.com,"BCFYAKN9y""l!9Wga",Manager
Veradis Hussell,vhussellbb@baidu.com,MVDLWWEEHGC*,Lead
Eddie Frankis,efrankisbc@mlb.com,GULBHZK7.9m=,Lead
Lorna Cattrell,lcattrellbd@mozilla.com,IIQARBFr|+x(xoU2,Member
Joellyn D'Ambrosio,jdambrosiobe@dagondesign.com,IAKIDUA0bNYbRNv,Lead
Murray Nannoni,mnannonibf@oracle.com,KMXNCEG&.,Lead
Elihu Tick,etickbg@rakuten.co.jp,GDXFNIH6r`g,Lead
Murry Major,mmajorbh@paypal.com,TVQWKFUUu#nOIq1,Manager
Hobart Archibould,harchibouldbi@opensource.org,"DXQCOHD,/",Lead
Tildie Flipek,tflipekbj@github.io,WLAPBTZ5I>JO,Manager
Toddy Heggie,theggiebk@shinystat.com,CTCSHFMw,Member
Nolly Rameau,nrameaubl@de.vu,PIMWXYGB>,Lead
Anestassia Fardell,afardellbm@youtu.be,STIMOYKT!O,Lead
Dietrich Heakins,dheakinsbn@surveymonkey.com,CPYEHIW?OtbR,Manager
Allyn Rishworth,arishworthbo@cocolog-nifty.com,ABTWLCYS,Member
Brooks Orknay,borknaybp@umn.edu,XXASUIPkr(|',Member
Tillie Mellem,tmellembq@squarespace.com,SGRXHUY@m?Zvk3B7,Member
Shamus Banes,sbanesbr@privacy.gov.au,LVNMPICn>u(c},Lead
Wilbert Feetham,wfeethambs@slideshare.net,VAYDRTP?Hau$sx,Manager
Olympe Odams,oodamsbt@nifty.com,"OPSULOX""UBI~j/7V",Lead
Meredith Coombes,mcoombesbu@rediff.com,CIOJIEZkKi@JjrSP,Lead
Sheela Fass,sfassbv@arizona.edu,LXXMYBK~/RO=q/X,Lead
Shea Leyton,sleytonbw@desdev.cn,XKVJGNAZ7h5D03<,Manager
Georgette Ovendale,govendalebx@shutterfly.com,"OIYGGJPk""M{wZ",Lead
Broderic Stockdale,bstockdaleby@meetup.com,"WNOFRHD""w*g",Manager
Ilka Klausewitz,iklausewitzbz@reverbnation.com,NHXBEMI\\?,Lead
Paddy McLaren,pmclarenc0@issuu.com,DUVPISZ2'~RDOy,Manager
Quill Saddler,qsaddlerc1@admin.ch,NUOSIUYD7,Lead
Tucker Jarman,tjarmanc2@goo.gl,PYRUMGT3+fj,Manager
Torr Kaszper,tkaszperc3@discuz.net,XCJYCSLld6o<Y3%O,Manager
Marv Edelman,medelmanc4@eventbrite.com,"MOCJWJN04)}8JO,x",Manager
Vite Addekin,vaddekinc5@woothemes.com,TNYCFSX3Qq,Lead
Padgett Tomkys,ptomkysc6@ft.com,KAEPRYNjvh|',Member
Crissie Pendered,cpenderedc7@cyberchimps.com,WYZQXLLQYm.,Member
Prinz Honnicott,phonnicottc8@elegantthemes.com,DJLHVBK|=Kv@#,Manager
Kial Smidmor,ksmidmorc9@netvibes.com,RCZCFCHlOm+5Zf,Manager
Morganne Lenox,mlenoxca@aboutads.info,RPVUKDB'V<Wi2fF,Member
Colette Calderbank,ccalderbankcb@bizjournals.com,"MHZTPVV$\&k|""'",Member
Leif Andreoletti,landreoletticc@state.gov,RQRYEHT.,Lead
Harmonia Lindbergh,hlindberghcd@pinterest.com,XDHXDDKaEk,Lead
Joli Broggelli,jbroggellice@meetup.com,LCTCZRI\6a,Member
Austin Allcroft,aallcroftcf@umn.edu,LBORZWJiEA.L<r*\,Manager
Moore Finneran,mfinnerancg@soundcloud.com,MFQORRM5TBiiwG,Manager
Neil Cristofanini,ncristofaninich@cbslocal.com,DYLNQZXoG*?zo,Member
Nappie Alphonso,nalphonsoci@psu.edu,"WTYHLMH{u""(",Member
Knox Sherred,ksherredcj@uol.com.br,DYDIROKb4?(,Lead
Albert Almon,aalmonck@google.co.uk,PTKQITVJGfnzfy,Manager
Rodi Franzoli,rfranzolicl@live.com,LOKPWES\DR/2?Uot,Member
Jinny Pennaman,jpennamancm@umn.edu,JGUYWVCj,Manager
Cassie Lathy,clathycn@ted.com,CNBQCEXuml*,Manager
Tull Staining,tstainingco@utexas.edu,IVOPDNCM@,Manager
Sandi Borless,sborlesscp@geocities.jp,TSDKPEAM*eSUQ,Member
Jerrilee Brangan,jbrangancq@amazon.com,KDHRMMTehVbeQ81!,Lead
Ulberto Gaylord,ugaylordcr@seesaa.net,MOWLWWM*@`,Lead
Fifine Nassi,fnassics@behance.net,NZUVZPEktAE$c%S,Lead
Gregorius Belfitt,gbelfittct@umich.edu,SXUKVTH!',Manager
Alford Tourner,atournercu@tiny.cc,HWVDETH0V'+v,Lead
Joice Oultram,joultramcv@networksolutions.com,QOJHDXN.d,Member
Justinn Fleming,jflemingcw@dedecms.com,RXNXWJYDg,Lead
Rollo Bogart,rbogartcx@nbcnews.com,UYTSEIUekEt#,Lead
Ferdinanda Swadling,fswadlingcy@sitemeter.com,WHFMJSK*Jtktj|U,Lead
Euphemia Boullen,eboullencz@paginegialle.it,IZGVJYYAY)|<,Lead
Konstantine Wolfinger,kwolfingerd0@bbb.org,DUBKTPTwdW,Lead
Culley Mixter,cmixterd1@nps.gov,FYYFTPNprfOf4,Lead
Barney Pettifor,bpettiford2@tmall.com,IZJPUSJ=y&,Member
Vincents Weymouth,vweymouthd3@discuz.net,TLSFRIOFL_U,Member
Caye Poate,cpoated4@nhs.uk,KCHXBRPoETS,Lead
Sydel Tiesman,stiesmand5@flickr.com,"ENXTGUB~,DkJu",Member
Tobye Prudham,tprudhamd6@barnesandnoble.com,JMKAWYG{+8p!$?T,Member
Gwyn Chinge de Hals,gchinged7@businesswire.com,SDMYTHOkD2,Manager
Harlie Casotti,hcasottid8@auda.org.au,DPSVESZvYL#ru,Lead
Lambert Purchase,lpurchased9@walmart.com,MKAIVJY|i,Member
Caroline Eberle,ceberleda@techcrunch.com,BDZKNGJRv5+F37B,Manager
Lorena Wathan,lwathandb@printfriendly.com,PCQTUIYfROj//P,Manager
Brittney Pinniger,bpinnigerdc@etsy.com,UQDOOVD+?_)it,Member
Loutitia Tenney,ltenneydd@ning.com,QIUSSPN?Lm,Member
Lindy Branscombe,lbranscombede@columbia.edu,"KYJRFDR{f_T,",Manager
Basilius Torri,btorridf@altervista.org,KHSNMOJIEcU,Member
Avrit Haizelden,ahaizeldendg@fc2.com,GMJNSHXT,Member
Goran Faint,gfaintdh@comsenz.com,HPXFLDShfj,Manager
Terrence Durnell,tdurnelldi@microsoft.com,TZQWFDM'LyGgQ{~C,Member
Padraic Wilshaw,pwilshawdj@behance.net,"XJILYYDVG62,({",Member
Shurwood Annis,sannisdk@joomla.org,"WGONWEC.,c",Lead
Leslie Pryor,lpryordl@ucoz.com,IKSMIZWa,Member
Boycey Addyman,baddymandm@vimeo.com,MQZNMRB>!V\F&pyM,Manager
Asa Buckam,abuckamdn@stumbleupon.com,VSOWTPN@o,Manager
Howey Magor,hmagordo@cdbaby.com,HCVCTLAxRrb*+)\,Lead
Ardelle Hempshall,ahempshalldp@skype.com,HNDXRMDV'Irs8ta,Lead
Maisie Longson,mlongsondq@dion.ne.jp,"AKKMOOR_(rO""",Manager
Lilly Deason,ldeasondr@alexa.com,UKFAVTUW<9,Manager
Humfried Coper,hcoperds@aol.com,YLOZVWB$y9<Y8|,Member
Windham Barrett,wbarrettdt@discovery.com,YFVUKPB=H,Manager
Walliw Donativo,wdonativodu@phpbb.com,GNCRVDVSwx,Manager
Yettie Raeburn,yraeburndv@exblog.jp,NGHAJBI{o&,Manager
Haydon D'Elia,hdeliadw@chronoengine.com,WBXQSHB!,Member
Avigdor Lenglet,alengletdx@craigslist.org,"TJQYIIK2,x\KB`A",Manager
Eveleen Ughi,eughidy@theatlantic.com,KETCIVVS,Lead
Nobie Buttwell,nbuttwelldz@bbc.co.uk,UBYXGQA@ePzl,Lead
Sheppard Wohlers,swohlerse0@pcworld.com,DABQPFL&rg!vfi,Member
Janice Doyley,jdoyleye1@last.fm,OCULCGTaGB,Lead
Shellysheldon Hazart,shazarte2@sphinn.com,OPUQRIZt.T.<,Manager
Celie Daintier,cdaintiere3@godaddy.com,ZWMBUKKYt,Member
Giulietta Fooks,gfookse4@devhub.com,HKOQDWDQ,Member
Reggis Prinne,rprinnee5@a8.net,GTMNXDT}w,Lead
Giorgio Mudge,gmudgee6@mapquest.com,JPRJIZO7HhFu,Member
Gayleen Cottell,gcottelle7@com.com,VCJTZHE`Pd!BgI{,Lead
Phoebe Maddocks,pmaddockse8@1688.com,WZROUCDrPGt)b9G/,Manager
Luciano Hartil,lhartile9@wired.com,AKVDJBMYMt~Q,Manager
Fitzgerald Lile,flileea@nih.gov,JHCHGUKQEhq+o,Lead
Mignon Lubomirski,mlubomirskieb@google.es,RNJLJSQ<?#)7,Manager
Minna Gawith,mgawithec@themeforest.net,CJBSGAUg~,Member
Niles Blasdale,nblasdaleed@smugmug.com,PILZLUGY#fX,Member
Rayshell Caple,rcapleee@tinyurl.com,WXDZVDDE9xYp%dk',Manager
Vidovic Shilstone,vshilstoneef@upenn.edu,IHZENHJc{7),Manager
Geri Tunuy,gtunuyeg@google.de,ZOESNXP)3'XPM2<l,Lead
Greg Quibell,gquibelleh@t-online.de,FEPOEWImsQhxBAD5,Lead
Peder Upex,pupexei@sfgate.com,RFTVFWG2D56`,Manager
Gerick Paireman,gpairemanej@moonfruit.com,TKFSYZZi~Wv,Member
Lavena Bindon,lbindonek@ocn.ne.jp,IABNVALApS*Z,Member
Hal Frigout,hfrigoutel@sfgate.com,DYISOGEN,Lead
Layney Di Angelo,ldiem@360.cn,"EQAVFEOb,0(",Manager
Claudius Skirlin,cskirlinen@free.fr,BKZODXCvQY,Lead
Marta Insull,minsulleo@a8.net,ESUJUDIm{<`,Member
Feodor Valentinuzzi,fvalentinuzziep@google.es,REMYKOVT/19+71,Member
Robers Voysey,rvoyseyeq@amazonaws.com,NUSMJLUN4%d@)/e2,Member
Blair Fogden,bfogdener@amazon.com,KLUENWC_P',Member
Angel Screach,ascreaches@angelfire.com,QWLVUPS8so+,Manager
Lettie Seden,lsedenet@blogtalkradio.com,WJVQJTEt<K|,Lead
Brandon Birmingham,bbirminghameu@gravatar.com,YZSVWIEU%GHHm?,Member
Edi Snoden,esnodenev@phoca.cz,XSQWRDG+Q|@!qhtx,Manager
Mirilla Arrighini,marrighiniew@skyrock.com,IUTEQXPej4s1,Manager
Chery Engeham,cengehamex@edublogs.org,HKVJDBW0bDLsoG,Manager
Kathi Head,kheadey@soup.io,SJKSFTIm,Member
Tiff Harnwell,tharnwellez@shutterfly.com,"XFMAVGJ""",Lead
Cherye Ivanov,civanovf0@army.mil,QLEJAJKv1?wA?C,Manager
Hersh MacGahy,hmacgahyf1@patch.com,KPVHMHF?|6s,Manager
Ulises Carnson,ucarnsonf2@examiner.com,OEYKDOY>07bw,Lead
Amy Pendrey,apendreyf3@ucsd.edu,YLDSZWYiY,Lead
Adele Sperski,asperskif4@zimbio.com,LGCRUROIxH08hfF,Member
Evin Battin,ebattinf5@reverbnation.com,TXHDOWUj\,Manager
Henriette Roostan,hroostanf6@loc.gov,YYGWWBF8},Lead
Pauli Ramsted,pramstedf7@youku.com,CHUOYCG|,Manager
Cornall Everly,ceverlyf8@spiegel.de,"PQLKCLV&Ht""",Lead
Dame Furby,dfurbyf9@latimes.com,SZPFCBA?ucF/Pd,Lead
Raine Chitham,rchithamfa@loc.gov,MWXNWRA2ZWl`},Manager
Nollie Matussevich,nmatussevichfb@123-reg.co.uk,WFAVROF#&,Member
Adi McCray,amccrayfc@clickbank.net,"IYJMYOF=@HOK"")`n",Lead
Ella Verny,evernyfd@archive.org,KKNJLHX.,Lead
Marge Potten,mpottenfe@gov.uk,YJPSTIL4H,Manager
Trudy Stearley,tstearleyff@tumblr.com,HFYLZRE!#N98cqcr,Member
Willem Fasset,wfassetfg@plala.or.jp,RXHBDUSMEJn&%?G,Manager
Pierre Paulack,ppaulackfh@dyndns.org,"TNWURNZL,zRmq'}",Manager
Gage Fannin,gfanninfi@usgs.gov,GAAOHFE6k0|ih,Member
Renae Gill,rgillfj@yahoo.co.jp,WKRRJRWo3_7c85,Lead
Robinette Pinkie,rpinkiefk@columbia.edu,YYPICZKJj$q,Manager
Hadlee Bloxam,hbloxamfl@ucsd.edu,ZVDTPJEPJ{}!,Manager
Karry Ingliss,kinglissfm@oakley.com,FCKARGQp,Lead
Inger Bensley,ibensleyfn@goodreads.com,LZGCGAP3'j`,Manager
Waite Garlick,wgarlickfo@vistaprint.com,COYHMZOvJIF?J,Lead
Nertie Ibbitson,nibbitsonfp@cdbaby.com,MFWWCGJq}hVHpM,Member
Martainn Filpo,mfilpofq@unc.edu,BPTPGGLIYOfT,Member
Bentley Bernakiewicz,bbernakiewiczfr@scribd.com,MKLKWWOKzk|Ss!,Lead
Binky Russi,brussifs@amazonaws.com,KQIYPYD>b0|=,Lead
Ayn Vosper,avosperft@dyndns.org,HTTRXLLc,Member
Angelo Fyfe,afyfefu@nbcnews.com,WSPONNVzFk#5,Manager
Tresa Lassey,tlasseyfv@bloglines.com,"NVBROYIYoce.""}F",Member
Miranda Frayling,mfraylingfw@yelp.com,LBWQQVU7=%1,Manager
Duncan Deroche,dderochefx@go.com,HLMNDMO2_,Lead
Ilsa McMullen,imcmullenfy@scientificamerican.com,FGMPTOX&*Mg!,Member
Trip Whitebread,twhitebreadfz@slate.com,JXYEOLRZECK,Lead
Fawne Bernardez,fbernardezg0@etsy.com,"LMAAEOS""=m",Member
Nathalie Berthelmot,nberthelmotg1@infoseek.co.jp,DRDTHZUT>=hm*,Lead
Karlotta Hollyer,khollyerg2@go.com,UKRDKJTAl,Manager
Romola McKyrrelly,rmckyrrellyg3@zdnet.com,RDGALPO3V|4O,Manager
Natka Blanning,nblanningg4@usda.gov,"AFODNBE""X)",Member
Rees Try,rtryg5@xing.com,FNQPXHLI+nji=%,Manager
Zenia Klausewitz,zklausewitzg6@multiply.com,PYKMFSE.wP1,Member
Miguelita Shout,mshoutg7@google.it,DKSQSHT3a0,Lead
Kira Hamlyn,khamlyng8@forbes.com,KOSYXFO|v,Lead
Cally Rove,croveg9@stanford.edu,HQFECWNyIy,Member
Fernando McCambrois,fmccambroisga@gravatar.com,VHSUXFZ{2gPuR,Manager
Manny Manley,mmanleygb@mysql.com,"YJEYNEQ0uV,",Manager
Petrina Skeldinge,pskeldingegc@godaddy.com,MDKUAUGXroZ!ZT<n,Lead
Jarvis Jurgenson,jjurgensongd@multiply.com,UDIWQUJB6s*,Manager
Anni Callicott,acallicottge@ebay.co.uk,WFAVZQAJ|uO4$r,Lead
Virginie Wisby,vwisbygf@nationalgeographic.com,BSTWGDV9K,Lead
Pru Hembrow,phembrowgg@pcworld.com,CYTUECIF1NeL,Member
Brinn Worgen,bworgengh@joomla.org,YIJCMLPF01<V,Manager
Mab Readie,mreadiegi@google.pl,JJVEFQH*${P,Manager
Delia McCromley,dmccromleygj@mozilla.com,"TBUBHABD""rr?I$}#",Member
Grazia Whitington,gwhitingtongk@ucoz.ru,"DSKDKIZ!_AO|""cr7",Member
Gaston Bonaire,gbonairegl@zimbio.com,KQZMFQDak5,Lead
Jan Laurenty,jlaurentygm@tamu.edu,OSCYXBO5Xe_zd,Lead
Cleavland MacDougal,cmacdougalgn@theguardian.com,WFBBQXOy6{2qpy,Manager
Carey Godsmark,cgodsmarkgo@jalbum.net,ILFARIK=KUJybFj9,Lead
Dorie Kibble,dkibblegp@usda.gov,TMOQGVUx/NH>B68,Member
Theresina Grinston,tgrinstongq@slate.com,BJLSQJTu.O0FN|Cj,Member
Debora Agastina,dagastinagr@europa.eu,CQCHJCWB2L(xU,Lead
Renate Pecht,rpechtgs@nih.gov,HKCEMUCQ&ba=\5J,Manager
Ninetta Mainland,nmainlandgt@squarespace.com,HKSMIPL*,Member
Tate Boothby,tboothbygu@4shared.com,WONJKTU*{P'zGHV$,Manager
Krysta Britto,kbrittogv@1688.com,TPBVHZM_h&A\Z1Z,Manager
Maddalena Pountain,mpountaingw@themeforest.net,XLIJAAGq#,Manager
Nilson Schaumaker,nschaumakergx@sourceforge.net,GNICNZCMevj`#%a,Manager
Britt Fey,bfeygy@washington.edu,HDAIJDCnz)<$2LB.,Lead
Sally Tixier,stixiergz@goo.gl,LOSPFKZ7m<{8fONE,Member
Melodie Dawdary,mdawdaryh0@cmu.edu,DPCDILEQks9o,Member
Findlay Dendon,fdendonh1@vk.com,GIEXMTLCR$,Lead
Jere Sinclair,jsinclairh2@ameblo.jp,"NHWGNAK1=T\B3T""",Member
Carly Zolini,czolinih3@toplist.cz,TJYWBNCNjt,Manager
Lothario Buck,lbuckh4@omniture.com,RLSEWTOk=$,Lead
Darrelle Creser,dcreserh5@51.la,XQDNIEAk_=S1,Manager
Tiffani Ledward,tledwardh6@naver.com,BBNHYLDY9p=Oy,Manager
Merci Purnell,mpurnellh7@usgs.gov,CHMZYCX>Sh+MHh$G,Member
Dante McElvine,dmcelvineh8@adobe.com,NQIZXBLx\,Lead
Gus Dany,gdanyh9@joomla.org,"WQQIPSO9N(Wt,",Lead
Birk Wadesworth,bwadesworthha@1688.com,OGJIJZWHN$VT\.,Lead
Myrvyn Haill,mhaillhb@networkadvertising.org,JQDEDHT{X'O#`,Manager
Huntley McCraine,hmccrainehc@youku.com,"BAXMBBL7bcf+""",Member
Lucian Bellew,lbellewhd@gizmodo.com,UTNRKDDYj1'N4*de,Lead
Kurtis Juett,kjuetthe@indiatimes.com,ARBSRNX\,Manager
Nowell Lathwell,nlathwellhf@latimes.com,BJJSBSMf@&D,Lead
Derby Larmor,dlarmorhg@wisc.edu,GAFPNYYY?\<l/,Member
Shaylyn Domokos,sdomokoshh@cornell.edu,UCPXUQZ+Heu8,Lead
Josephine Baumford,jbaumfordhi@economist.com,IKLZHKKvi6AS(/@,Manager
Iver De Nisco,idehj@wikispaces.com,TUJHMAPR4w,Lead
Abey Miroy,amiroyhk@examiner.com,NLTXNEX&K2<Ap9m,Member
Danyelle Howsley,dhowsleyhl@linkedin.com,XPYWLHQ3s~,Member
Malory Edgcombe,medgcombehm@technorati.com,HNJWBIZOGITNL9}=,Manager
Andeee Haskell,ahaskellhn@ocn.ne.jp,WDOYUOHN`wc}QNZ,Manager
Cornell Stryde,cstrydeho@globo.com,DYVSYFS\Fh_CU3,Lead
Baily Stappard,bstappardhp@unblog.fr,WMXCURN`b0W(YH'5,Member
Ernst Laskey,elaskeyhq@chicagotribune.com,UWKMXDB6cV|p9a,Manager
Tobey Nuttall,tnuttallhr@zdnet.com,OASAQNGy,Member
Hetty Schaben,hschabenhs@hostgator.com,DIHKVDX*&nMBEJ,Member
Bastian Dumphries,bdumphriesht@japanpost.jp,SWJWLSYiA_Xf\,Lead
Winston Kaspar,wkasparhu@npr.org,QZJQVLG/,Lead
Dede Cauderlie,dcauderliehv@ebay.com,ZVDBRUZln~q\z7id,Lead
Shirl Duckering,sduckeringhw@elegantthemes.com,HNCFQZM4?10S5,Lead
Neill Heddan,nheddanhx@narod.ru,BWFEGIA7wiz,Lead
Trumaine Tenny,ttennyhy@sphinn.com,XLPMZQL'jiS2,Lead
Winnah Marquet,wmarquethz@zdnet.com,WWWXXPL$e,Manager
Clea D'Onisi,cdonisii0@photobucket.com,ZJXCLUDh>ab,Lead
Sonia Onn,sonni1@360.cn,MLOTBWHoWe69On,Manager
Lianna Giovanni,lgiovannii2@myspace.com,"VVAFUJT#,I",Member
Noell Labone,nlabonei3@ibm.com,"VRIHERR""",Lead
Pascal Ballance,pballancei4@merriam-webster.com,HBLOIIJg,Lead
Beck Gheorghescu,bgheorghescui5@ovh.net,BBDIRLSB|$Ln,Manager
Elyn Shawell,eshawelli6@stanford.edu,SGFBWATVSw4CDM,Member
Cosme Squirrel,csquirreli7@skyrock.com,"FUKDTJO(nKLi=,1W",Member
Pail Garrod,pgarrodi8@japanpost.jp,WASDUAP0mA.1,Member
Calli Sayward,csaywardi9@joomla.org,HPVCFCSIq*,Lead
Levy Van der Velden,lvania@dailymail.co.uk,BSMWDDCXFKL'cUv,Manager
Earl Harmer,eharmerib@xing.com,TUIBAIJ~clxXk,Manager
Iago Treacher,itreacheric@mayoclinic.com,SPQOTSFzl2,Lead
Andree Trewhela,atrewhelaid@admin.ch,LXLNREIj{azCpn>,Lead
Tersina McCarron,tmccarronie@cdc.gov,VTGWGZL3?91HBc8J,Member
Frederica Harradine,fharradineif@whitehouse.gov,VAFUATT~n,Member
Jehu Fidgin,jfidginig@canalblog.com,"OZXRSTV4jL,1m&z",Lead
Golda Soreau,gsoreauih@mysql.com,IYARXDPe7D,Manager
Deanna Dincke,ddinckeii@bluehost.com,KJQULDTSgY&\R3?,Manager
Auroora Murdoch,amurdochij@qq.com,OFBPOGFriG,Lead
Jobey Maiden,jmaidenik@ustream.tv,"HTFQUQI%""q6\=p3%",Lead
Sharia Joret,sjoretil@acquirethisname.com,RHAGGAX3>,Manager
Krissie Janks,kjanksim@shop-pro.jp,HZXEHNAGtGt\YFK,Lead
Roderich Cheshir,rcheshirin@amazon.de,JDBZZNHaXma2z,Member
Cal Hubert,chubertio@washingtonpost.com,WEVTBTTg$5XV}h82,Member
Maryann Beynon,mbeynonip@engadget.com,KWFWYVAdC+7dbY,Member
Helen-elizabeth Martland,hmartlandiq@loc.gov,"ZXEJISCG,2U",Lead
Brose Leverentz,bleverentzir@blogtalkradio.com,"IKXTGSL@r4F,)L",Lead
Lindsy Schoolcroft,lschoolcroftis@ebay.com,"MRIYUFL_""tI",Lead
Del Bugg,dbuggit@xing.com,YDHKRSDOYF.Fz,Manager
Jacobo Klima,jklimaiu@shop-pro.jp,SYJSHYO=%.6}%b,Member
Hal Allwright,hallwrightiv@slate.com,ZCXAMVUwc|U|,Manager
Meyer Wardhaw,mwardhawiw@technorati.com,QDMNLVB%CEBU&,Manager
Kerby Buer,kbuerix@deliciousdays.com,QXGAACP$#C,Manager
Goddart Serjent,gserjentiy@hibu.com,JPVSZJU~,Manager
Tresa Fatscher,tfatscheriz@wikispaces.com,XYXHJFVQGm3&qmC,Member
Brita Lindstrom,blindstromj0@163.com,RXKCNME`evZ\2Or,Lead
Josselyn Salsberg,jsalsbergj1@arizona.edu,GAXQACUh&=Th,Lead
Dix Mc Ilwrick,dmcj2@comsenz.com,TVEYGCDAj}_,Member
Rossie Warman,rwarmanj3@foxnews.com,IYDLVNL/9n,Lead
Ronalda Rohlfs,rrohlfsj4@istockphoto.com,YPKGOGIa)q,Member
Jeannette Meddows,jmeddowsj5@globo.com,FAHNUYYi5(mKUjqh,Member
Roland Locket,rlocketj6@slideshare.net,TCVSXMS@vW,Lead
Lev Duplain,lduplainj7@wisc.edu,BVPUCTNC4)_)9C,Lead
Jerrome M'Quhan,jmquhanj8@wiley.com,CNGLSSKcbVHz$,Member
Jessey Mathivat,jmathivatj9@senate.gov,WBDVQQJ\F)u1,Lead
Benny Criple,bcripleja@ycombinator.com,HUMVJMS$,Lead
Laura Orwell,lorwelljb@businesswire.com,FCPYEDCztp,Lead
Devin Hindshaw,dhindshawjc@washingtonpost.com,JULKBOBPm,Manager
Thoma Camsey,tcamseyjd@moonfruit.com,LVXOLGX.`TQ|B7yM,Member
Miguela Wyss,mwyssje@wiley.com,MPOYKKUsuOcyVxxS,Member
Erastus Oak,eoakjf@weather.com,MZKPMIN$},Lead
Judye Malcher,jmalcherjg@mail.ru,OABFDWL>O\BTc,Manager
Scott Crawshay,scrawshayjh@google.de,HQNEXLY56an_W,Manager
Redford Duckering,rduckeringji@twitpic.com,CRYFKSCFMu#aHR{,Manager
Godfree Wringe,gwringejj@china.com.cn,HVURGPPB,Member
Collin Neeves,cneevesjk@china.com.cn,LZYYDGToY,Manager
Thorvald Loeber,tloeberjl@is.gd,WZMHFFYosP8J`BL,Member
Hersch Goodspeed,hgoodspeedjm@meetup.com,"NAPVZJUssdrXX)""`",Manager
Terri Rochford,trochfordjn@webnode.com,ZCHQVWU<(OlT+e,Manager
Eduino Pelman,epelmanjo@arstechnica.com,BSLCHEITW1.7q',Manager
Leola De Lorenzo,ldejp@epa.gov,"XTLTBUG4+""'~|""~M",Member
Ailey Romanelli,aromanellijq@blogger.com,CCOWQVDo0ZH,Manager
Garwin Grishkov,ggrishkovjr@google.es,TYDEXOSSL6De,Lead
Fairlie Stinchcombe,fstinchcombejs@dmoz.org,TJEAXDEeSdr,Member
Neall Hall,nhalljt@census.gov,ILOYYEMajRM*dmo`,Lead
Kathlin Frisel,kfriselju@wikia.com,"MNNLRFVhA'""&B)O",Lead
Cristy Hodgon,chodgonjv@hud.gov,CTJYJNADMIg,Lead
Ula Arden,uardenjw@ow.ly,QGELHXBk81c,Lead
Jedidiah Crichmer,jcrichmerjx@delicious.com,NRRKAEK{3s{,Lead
Dianna Mugglestone,dmugglestonejy@guardian.co.uk,DAKYYVF{t}z0(aPi,Lead
Orbadiah MacPake,omacpakejz@usa.gov,WMJJBOS#F,Lead
Kaela Bernardy,kbernardyk0@netvibes.com,CCEFSZFx_WGa,Member
Ninnette Greenshields,ngreenshieldsk1@php.net,DQUXNYE)d&)BSNpq,Member
Joannes Hardington,jhardingtonk2@samsung.com,PZTRGKVRG7,Lead
Binky Geeson,bgeesonk3@tiny.cc,JSUVCKD'tbUAw,Lead
Noak Ocklin,nocklink4@addtoany.com,YSMRHIP@rZ)L,Member
Graig Whoston,gwhostonk5@github.io,MSCYNKN4esI\!*f,Lead
Joanne McVanamy,jmcvanamyk6@usgs.gov,"XWIKNPIoI9)2v,",Member
Veda Rodenhurst,vrodenhurstk7@nhs.uk,KOFKAYEB0,Lead
Christophorus Mostyn,cmostynk8@ocn.ne.jp,FXYRNDPx,Member
Venus Chisman,vchismank9@xrea.com,"QBBCFJJ_=U,Ai1K",Lead
Hadria Le Teve,hleka@youku.com,TUPZNQMy,Manager
Charlton Clementucci,cclementuccikb@google.pl,RMLKOFCeSmJYdK+X,Lead
Cinnamon Rolfe,crolfekc@ox.ac.uk,GXURUBEH,Manager
Papagena Shutle,pshutlekd@arizona.edu,ZEGVPOR<\CMl9,Manager
Georgina Buscher,gbuscherke@cafepress.com,XTYXGDDu0,Member
Annecorinne Haddick,ahaddickkf@1und1.de,YKJRTCM|uIBcL9i|,Lead
Bianca Lickess,blickesskg@skyrock.com,PJYSTTKxU,Manager
Alonzo Bownass,abownasskh@skyrock.com,KAHMDORyY3@<y,Lead
Lyndsey Ancketill,lancketillki@domainmarket.com,RJSBZHB%,Member
Iago Batie,ibatiekj@qq.com,ISAICOE<p4BTD,Lead
Tiffanie Detloff,tdetloffkk@cnet.com,KGUOZRJXTk,Lead
Rutherford Rawlinson,rrawlinsonkl@clickbank.net,JQXCIPGOXu~,Lead
Cookie Arons,caronskm@hp.com,UZPNPTCy#.aqI{,Lead
Andrej Pagitt,apagittkn@usda.gov,FLNNYHBL<EabaEy`,Manager
Dalston Burry,dburryko@reuters.com,SLSWYYR'etx%l,Member
Shaine Ecob,secobkp@pinterest.com,WUCAWKRb~,Member
Jerrilee Carolan,jcarolankq@taobao.com,MNXUVQD(`49,Member
Caren Burberry,cburberrykr@latimes.com,DQTLXTLkb/.Ih,Member
Chere Haking,chakingks@symantec.com,MXLLBQZF,Member
Mella Greendale,mgreendalekt@epa.gov,KUKBWGYc,Member
Lonnie Breckon,lbreckonku@wunderground.com,DGOWSPN07qE@,Lead
Tess Claydon,tclaydonkv@mashable.com,"KWLCUDB)J""ZsvV0",Lead
Brody Colloff,bcolloffkw@usa.gov,ZJMANDKE,Manager
Leticia Gunney,lgunneykx@paypal.com,VWOTHROf_|6u,Lead
Rheba Vaun,rvaunky@mapquest.com,MGFVRLD5W!ML,Member
Tome Greenhead,tgreenheadkz@illinois.edu,BNNFRRN}hK/qK`L,Manager
Arden Malec,amalecl0@godaddy.com,"XYHEGDCX,",Lead
Ernie Mannion,emannionl1@walmart.com,UCCMKGF>T{0#9`,Manager
Wilbur Danett,wdanettl2@pbs.org,AXBOZER'S,Manager
Ruy Boow,rboowl3@census.gov,CCALCLP{8y5'W'`,Manager
Felipe McEachern,fmceachernl4@yahoo.co.jp,RAFESQV4,Lead
Consolata Beet,cbeetl5@yellowpages.com,NTZQAYT.!Y,Member
Lacy Langton,llangtonl6@pcworld.com,QZAPGIApyC,Member
Mellisent Guisby,mguisbyl7@cornell.edu,IKKZKCPYq'K',Lead
Raddie Murley,rmurleyl8@arstechnica.com,MLFKJARK($,Lead
Roxana Creus,rcreusl9@tinypic.com,BAWWRPFcRn`mc,Lead
Lowrance Blincoe,lblincoela@examiner.com,TIRPIMUG,Manager
Quintilla Sailor,qsailorlb@1688.com,WFGTDLYHR}ppe,Manager
Grover Mynett,gmynettlc@virginia.edu,"CDSPVKG,rmrh'",Manager
Keith Ponte,kponteld@imgur.com,FUCVAAVdSTmwm}a,Lead
Venus Babcock,vbabcockle@ed.gov,LSQBFILkeX'$OSd,Manager
Osborn Pinck,opincklf@behance.net,QCBHKPSD*W&N,Member
Melany Ghion,mghionlg@twitpic.com,QFUUZVD9wHj,Lead
Dino Gillet,dgilletlh@howstuffworks.com,YGNCMNIWj,Member
Shandra Gietz,sgietzli@vkontakte.ru,AEKKEBYEnTgB,Member
Isac Arthurs,iarthurslj@fema.gov,RUGEIJW7GpQ~X_{,Manager
Laurens Piperley,lpiperleylk@jiathis.com,"ASAODXR,|`}CUf2`",Lead
Jephthah Hodinton,jhodintonll@godaddy.com,MERYJAU=7g,Member
Ilyssa Dunkley,idunkleylm@digg.com,TLDTGKUOH!,Member
Celestina De Bruyne,cdeln@digg.com,LLEQYEZob\,Manager
Linnell Croson,lcrosonlo@walmart.com,MXRDYOTJ#Z7Y,Manager
Norton Dougherty,ndoughertylp@fc2.com,MNQYXSNLaDPn,Member
Isaak Abbe,iabbelq@altervista.org,KMZHMIQu,Manager
Lockwood Franzolini,lfranzolinilr@usda.gov,DITNSZBAdn,Manager
Hadley Gencke,hgenckels@springer.com,MWIWIMHh5S,Lead
Nomi Dagless,ndaglesslt@sina.com.cn,RCCGCMRy,Member
Alia Riche,arichelu@scientificamerican.com,BEPGFHPx>?YzoR,Member
Stephani Wroe,swroelv@privacy.gov.au,GBFOIKJ`,Member
Cristi Swetenham,cswetenhamlw@live.com,CGXOKYMC5$r?,Member
Davey Allsup,dallsuplx@earthlink.net,ITFDFYZ`,Manager
Caria Simonutti,csimonuttily@zimbio.com,PXJTAPDC$(V1Ly,Member
Jordan Futter,jfutterlz@skype.com,SJHFFNScZ,Manager
Efrem Moreton,emoretonm0@free.fr,OBVPIPP?$j8Af(.,Lead
Freddy Lasham,flashamm1@theatlantic.com,BXQDAFG`DN0,Manager
Nissy Gilcrist,ngilcristm2@yellowbook.com,"JKGMYPUDwKo8""D",Member
Shurlocke Yeatman,syeatmanm3@utexas.edu,BGZCEYTw,Member
Pembroke Tindall,ptindallm4@stumbleupon.com,QUGLVCYa,Lead
Ianthe Lumley,ilumleym5@simplemachines.org,FNMJSFJS/4x3M,Manager
Madelina Bartos,mbartosm6@ucoz.com,HTTAFAF(XrU*CBG,Lead
Charin Rawlings,crawlingsm7@shop-pro.jp,NNTXXQCG`&7\mc,Manager
Shina Paulsson,spaulssonm8@flickr.com,ZNPIFOW7,Member
Renaud Teale,rtealem9@spiegel.de,DVCXVVXi,Lead
Eleonora Skinley,eskinleyma@odnoklassniki.ru,DECRUDHYhfoc3t,Manager
Ardis Leebeter,aleebetermb@npr.org,TBHCDRO4,Manager
Brigitta Mattosoff,bmattosoffmc@uol.com.br,"WCPQTNBBRa,4",Member
Kort Matteini,kmatteinimd@army.mil,ZAZOFRQ6PwA',Member
Helen Leipnik,hleipnikme@dion.ne.jp,GWDPPJD6!{|bp,Manager
Khalil Danahar,kdanaharmf@ycombinator.com,FHKKTUFAOby2vf,Manager
Sadie Berthomieu,sberthomieumg@merriam-webster.com,IOWBMLP1d`,Manager
Cherry Fass,cfassmh@narod.ru,QQXMTRIk%ai.JS,Member
Anton Theriot,atheriotmi@cdc.gov,YASDSCTAJ*jG,Manager
Judy Levett,jlevettmj@imgur.com,"RKTTATW`RGvH>""",Manager
Cassie Seleway,cselewaymk@nature.com,PGCJUTA*~~+Kq,Manager
Sapphire Athridge,sathridgeml@google.ru,LUVFVBVXRQiR?(,Manager
Berget Nisius,bnisiusmm@cloudflare.com,HOTNBVIv!$F+P!lw,Manager
Cleve Thieme,cthiememn@wired.com,IPSCYYO$&kpm?,Member
Sarena Lackie,slackiemo@shop-pro.jp,GGBISZI.%sDu4si,Member
Simeon Taffe,staffemp@kickstarter.com,GPQUCMJ1gIK9,Manager
Nicolle Ick,nickmq@wordpress.org,BPZFAFRy69mIwS%(,Lead
Nichols Swash,nswashmr@europa.eu,"JPBPDTJS8,D#9N",Member
Asia Fielders,afieldersms@hexun.com,ALOANEAb926npHe,Member
Kerk Roddam,kroddammt@ustream.tv,WITYRUNZ,Manager
Arney Easen,aeasenmu@cargocollective.com,NXORJCW~,Lead
Agnesse Uttley,auttleymv@omniture.com,RFPKDUIxFzZqlJa,Manager
Kendell Reckhouse,kreckhousemw@typepad.com,"PGEJBBDu,cq`q",Manager
Arda Wyld,awyldmx@sourceforge.net,GJLJHUR2pal,Member
Gwenni Castard,gcastardmy@ibm.com,JSSKYMRGA!1!VeTw,Manager
Zia Fley,zfleymz@ed.gov,XZUNEID=I\=SF,Lead
Ortensia Conaghan,oconaghann0@google.co.jp,OTWLYKX/0mup,Member
Duff Hadlee,dhadleen1@ask.com,XVRXZWJs,Lead
Field Harsent,fharsentn2@t.co,VDQJFHUna',Manager
Dukie Pie,dpien3@multiply.com,BQYZAUZ9hw~,Lead
Janessa Bothams,jbothamsn4@pen.io,DCXFZJJAt!i=?V,Lead
Earlie Bockings,ebockingsn5@dell.com,PWEEYMSEvWY}jy,Lead
Noelani Ingold,ningoldn6@kickstarter.com,KFLREZG7%c>5,Manager
Desmund Gillingham,dgillinghamn7@unc.edu,TLCLXFSi65idKz3,Member
Marthena Doblin,mdoblinn8@wired.com,LLKVOGC5hc,Lead
Duane Maccrea,dmaccrean9@hibu.com,QULFVRY/W3jG*3F,Member
Giorgio Stolte,gstoltena@pcworld.com,NQGKORZ@(g,Manager
Oriana Karle,okarlenb@123-reg.co.uk,IEOPUQUT,Lead
Ode Hotchkin,ohotchkinnc@jigsy.com,VKHDMXZC@&J,Member
Odilia Cosely,ocoselynd@flavors.me,WOYXIHLB,Lead
Darn Bandey,dbandeyne@google.pl,BQDWLQGQkR|\N5?,Lead
Marlin Tyrwhitt,mtyrwhittnf@fema.gov,ARKSWRG!dC#T3t,Manager
Marc Jobe,mjobeng@amazon.com,LMSUQTK%,Member
Chastity Floyd,cfloydnh@rediff.com,NIALMVW7U0u,Member
Kort Seyers,kseyersni@alexa.com,"PSSXJIDJu>u,,+>m",Manager
Irina Vint,ivintnj@blogger.com,QRDGMGVvk+,Lead
Fleurette Frango,ffrangonk@fda.gov,XPILZNKfi/L&c0q,Manager
Gene Tarren,gtarrennl@nhs.uk,"ZFJFFLLd\nVtJL""",Member
Edgardo Stockford,estockfordnm@bravesites.com,ZWORPBRRa>&{*,Manager
Danna Prettejohns,dprettejohnsnn@webnode.com,"APNHDRF""Lqs5W",Lead
Donnamarie Loveday,dlovedayno@angelfire.com,UPEPHIGovV#.,Member
Raquel Vecard,rvecardnp@usa.gov,"UEYSQLFr@{Ii""*",Member
Sutherlan Dessant,sdessantnq@google.co.uk,VIVJZQGyER,Manager
La verne Rignall,lvernenr@infoseek.co.jp,WQVFYBEK,Lead
Georgine Kield,gkieldns@eventbrite.com,BYKUHFTBh&`,Lead
Brock Jeffries,bjeffriesnt@scientificamerican.com,SLJKAAP#,Lead
Brook Feavyour,bfeavyournu@mashable.com,SIWOHFALY9C!,Lead
Thedrick Wesson,twessonnv@angelfire.com,ECXKVKU!iR@>({!,Member
Ilaire Dranfield,idranfieldnw@buzzfeed.com,BQUAPJL@'(9Yt6VX,Lead
Cariotta Lindeboom,clindeboomnx@amazonaws.com,YZECUCYF!fU%ve,Lead
Georgeta Andrzejczak,gandrzejczakny@telegraph.co.uk,"IUXHNVOxp6,u$t",Manager
Aldridge Rembaud,arembaudnz@npr.org,BJCPHLMkF,Manager
Anatollo Thaim,athaimo0@goo.gl,UGFMSIJ5i~,Manager
Sydelle Legh,slegho1@multiply.com,CDFRRJWI0ak),Member
Bernetta Fransson,bfranssono2@ftc.gov,BFEHEXO(e0qN?Z2,Member
Nicky O'Rourke,norourkeo3@vk.com,TOBFLIFzaN,Member
Daryl Crunden,dcrundeno4@netvibes.com,"ROJBRNAB,GV",Lead
Ellary Ely,eelyo5@studiopress.com,DTHXZKGxq`7@8l,Manager
Alford Churms,achurmso6@shutterfly.com,FBTHGBQ~)O`F,Member
Collen Stoodley,cstoodleyo7@miitbeian.gov.cn,ZSCHXHA~TlS0g?,Manager
Merilee Hirsch,mhirscho8@mozilla.org,PKVSASAt5BP6c,Member
Matteo Benyon,mbenyono9@homestead.com,UMHIMMA=faH*,Member
Rolfe Berka,rberkaoa@list-manage.com,XWDJRGJG1M)N5,Manager
Cherin Lidgate,clidgateob@mtv.com,NVCJQGUg,Lead
Loise Leinweber,lleinweberoc@nytimes.com,JBAHYKEBQu3s)o,Manager
Lincoln Fahey,lfaheyod@scribd.com,TMMPZEP7`dU?,Member
Audrye Mordue,amordueoe@tinypic.com,"FQMWXHTlngS""W+0",Manager
Phebe Swyndley,pswyndleyof@blogspot.com,VWJFIZM\gj/fgbe,Manager
Vince Chaffey,vchaffeyog@friendfeed.com,"SGJERAX,EATk<2bZ",Member
Devland Tilsley,dtilsleyoh@blog.com,"GELOPIO9~g,&8|b0",Lead
Judon Meakin,jmeakinoi@php.net,TVSCACY`,Lead
Bunny Pembry,bpembryoj@nature.com,DFFGEZA#W6}+),Manager
Grata Mustchin,gmustchinok@list-manage.com,FZDRKBR!W2L9Y,Lead
Margy Croshaw,mcroshawol@craigslist.org,TNKCPRFP{m3PXg0D,Manager
Bev Kermath,bkermathom@washingtonpost.com,"RXPUHHY7n""b5k",Member
Tedie Stobbe,tstobbeon@washington.edu,RKRQFRS4j8.,Member
Gearalt Ife,gifeoo@barnesandnoble.com,"JPIFBMHoc,)UVtUb",Manager
Myrtle Dunkerk,mdunkerkop@dailymotion.com,CTOYVRFn2`U<tKF,Lead
Vinny Southby,vsouthbyoq@virginia.edu,XWCARYKa+v,Lead
Jo-anne Fonzo,jfonzoor@shinystat.com,FHPRZUFe9UC6h92,Lead
Chrisy Jull,cjullos@booking.com,"XNKKEPQ\,<l",Member
Olivier Brower,obrowerot@joomla.org,EEGZPZQQI,Manager
Guthrey Enrdigo,genrdigoou@usa.gov,RZKOKBPjb,Manager
Georgi Batham,gbathamov@mlb.com,QWUZIAO1iMhVjQUz,Member
Marilin Galgey,mgalgeyow@istockphoto.com,NNLEAEIr7J9C,Member
Lani Lamy,llamyox@bloomberg.com,TVANBHUXv?>f,Manager
Tabbi Woolham,twoolhamoy@vk.com,ZYCRENCWhn,Member
Ynes Ealam,yealamoz@msu.edu,UKGXLUWT$<dNk,Manager
Chantal Went,cwentp0@nhs.uk,"JHMJWXPvB,M",Lead
Erich Pallent,epallentp1@bloomberg.com,EMYZSMXY.,Member
Francklyn Devote,fdevotep2@webmd.com,NPAAKRC32(,Manager
Ceciley Dirkin,cdirkinp3@imageshack.us,EMNKWTUE84+dRj,Member
Jaquelyn McWhin,jmcwhinp4@yale.edu,APREBKNS0o%{K,Manager
Giorgia Blazek,gblazekp5@artisteer.com,CGQKMDBs%A,Member
Chance Clewer,cclewerp6@cbsnews.com,GYREETUMN,Manager
Ev Rapps,erappsp7@ezinearticles.com,EZFHTQWj#&n,Manager
Wallie Found,wfoundp8@phpbb.com,LAZZCYT>(c1Is8>,Member
Prent Fillingham,pfillinghamp9@acquirethisname.com,AJWFSAGt+8ko&Y,Lead
Latisha Jeannesson,ljeannessonpa@baidu.com,ITOQMVHq6tTKlHiE,Manager
Linell Eaglen,leaglenpb@craigslist.org,BQHELUW*,Lead
Sallee Whissell,swhissellpc@joomla.org,NASDXSSHc,Member
Bay Heinl,bheinlpd@walmart.com,BMRYPMEr9,Member
Boycie Briscam,bbriscampe@pagesperso-orange.fr,YSEYEFGua9<9,Member
Mary Decruse,mdecrusepf@shareasale.com,CHFXTMNS$U#/d,Manager
Jesse Stiggles,jstigglespg@youku.com,QZCLGLFf7,Manager
Tybalt Lygo,tlygoph@squarespace.com,PXSTVMR91P,Manager
Maggy Condliffe,mcondliffepi@twitter.com,"YXXSAXADaDN*""z",Member
Leila Dunster,ldunsterpj@dyndns.org,COTWSYZH!L4kT%Y,Member
Dion Giacopello,dgiacopellopk@infoseek.co.jp,OGMCJET*,Manager
Lammond Berthel,lberthelpl@fema.gov,DPINBRU'fdCV~,Lead
Avery Galero,agaleropm@storify.com,WJRBPMXa0M,Member
Carrie Peever,cpeeverpn@xing.com,EDDMMYSAv{,Lead
Marijn Tibbs,mtibbspo@slideshare.net,YLIIXNXoSyp)Yos,Member
Tedie Jobke,tjobkepp@noaa.gov,DNMLOYM`)re*,Manager
Leandra McCarl,lmccarlpq@ning.com,JICKNYLj(tcl,Lead
Robinet Ginty,rgintypr@nature.com,BVQUHUFaCisn)qN%,Member
Florencia Reay,freayps@foxnews.com,"JFMZJSRYZYds""",Lead
Rebekkah McMinn,rmcminnpt@multiply.com,IQZBJEM#<3nm,Member
Malia Norton,mnortonpu@wix.com,NVMPYLOL9N0,Member
Agneta Hunn,ahunnpv@webmd.com,TYBNZOP?,Member
Shirley Aspray,saspraypw@tmall.com,RWGCOXAg8z!,Member
Darrick Lemon,dlemonpx@pinterest.com,DMZITZJOdoQEEl`,Lead
Marji Muddicliffe,mmuddicliffepy@lulu.com,YYKSZUE#YuSK&I,Member
Colan Heinicke,cheinickepz@ftc.gov,NMMVTRQr1xK&Hf,Lead
Tuckie Phillip,tphillipq0@ibm.com,SNKFKUJiKP,Manager
Kerry Smithend,ksmithendq1@sbwire.com,"TIONUGIonM,",Lead
Thibaut Corteney,tcorteneyq2@icq.com,LBZBESI&ELrzpvX!,Manager
Raleigh Broadbury,rbroadburyq3@adobe.com,AXBZXKMV,Lead
Hayley Cess,hcessq4@barnesandnoble.com,FKWLPTKIPi!St>zD,Manager
Bartholomeo Lehrer,blehrerq5@liveinternet.ru,LRMZOGMs~CM7zxG,Member
Chalmers Chitham,cchithamq6@epa.gov,YNVBVUBp,Member
Duffie Grassick,dgrassickq7@senate.gov,"BEXDUWN/d""!`",Lead
Harriette Swale,hswaleq8@google.ca,"OWAJTTN,E1@6uz",Member
Blancha Upham,buphamq9@privacy.gov.au,JHIQLIKl=dz@$&y2,Lead
Lora Lockney,llockneyqa@wikispaces.com,XILENQSTWi,Lead
Irvin Gymblett,igymblettqb@samsung.com,"FBBEZQB4z,,foe",Manager
Gayel Ricardou,gricardouqc@vimeo.com,FAAQCZF4{2,Lead
Sheeree Mattiato,smattiatoqd@squarespace.com,CESHXWEP=HZU><{,Manager
Regen Drought,rdroughtqe@godaddy.com,UQRXFQKS>|v+,Manager
Morgana Ledgister,mledgisterqf@is.gd,YXCVHBV!kb,Lead
Kinsley Backes,kbackesqg@timesonline.co.uk,LZTOCHBYQ1f,Manager
Constantina Gilluley,cgilluleyqh@mapy.cz,NPIIZPB%kx\P6,Member
Janis Bourtoumieux,jbourtoumieuxqi@hhs.gov,ZIRXRMW7},Manager
Tina Mangeot,tmangeotqj@drupal.org,JRAJGXD'd4U2,Manager
Levin Barenski,lbarenskiqk@fema.gov,"XYTMCOX(,()",Manager
Ranique Kensett,rkensettql@discuz.net,UIIFPBI_Xc|{+,Lead
Mallorie Seys,mseysqm@bloomberg.com,"RJWRVRTLk""ye>{f",Lead
Marcia Bricket,mbricketqn@goo.gl,CJOEQSEr,Manager
Kippy Dowsey,kdowseyqo@pen.io,IAGEXPXFP,Lead
Salome Gilpin,sgilpinqp@ask.com,IFNGBWF1u3_LWO,Lead
Nevile Eaden,neadenqq@fastcompany.com,JNHXZOX=|PzQ.x(,Lead
Shelli Glazebrook,sglazebrookqr@goo.ne.jp,OSXHARE~,Member
Brandise Palphramand,bpalphramandqs@apache.org,FVFEHKEy)$v)uP,Lead
Theadora Heffy,theffyqt@cbslocal.com,OPVGZEI*QK4.CPyU,Member
Dulcia Denys,ddenysqu@gravatar.com,DZMOGUBg`T*OtSZh,Manager
Constantina Knock,cknockqv@linkedin.com,XHUOMCMm*1l,Member
Avrom Cliburn,acliburnqw@domainmarket.com,BMCCRBIsm,Manager
Selestina Dondon,sdondonqx@usatoday.com,DNVCLOF{}yV*i,Manager
June Linge,jlingeqy@elpais.com,ZCJLDORxur{%e2,Lead
Merrily Darey,mdareyqz@nasa.gov,FOWJOMVLb{x&R}Le,Manager
Tyne McKew,tmckewr0@va.gov,LVWGSEI~+9n,Member
Barnabe Macallam,bmacallamr1@howstuffworks.com,"SLHRTNBc?""Bmo",Member
Marleah Barnewelle,mbarneweller2@admin.ch,SIUFZVO79OnunJt,Member
Avigdor Corrett,acorrettr3@homestead.com,YVAIPLGe74KjT,Lead
Davidde Frift,dfriftr4@hhs.gov,AXWXBDAZx,Member
Abbot Proger,aprogerr5@de.vu,GFVFYYQqa`,Member
Phyllys Lauderdale,plauderdaler6@answers.com,OAMOPEYQe_`,Lead
Del Figura,dfigurar7@rakuten.co.jp,KVBIMRS?V(,Member
Goddart Hasker,ghaskerr8@usgs.gov,QSHHGQXb8Zegjm,Manager
Curt Carnson,ccarnsonr9@mediafire.com,KSKXLWVU08',Manager
Laurice Rickardsson,lrickardssonra@illinois.edu,MALIZXTDWXq,Manager
Fairfax Macoun,fmacounrb@oaic.gov.au,KVQDHWB0F=c~wl~R,Member
Kirk Wooding,kwoodingrc@tamu.edu,"LRMCVFC7""L",Member
Cordelie Pinck,cpinckrd@ox.ac.uk,RIHFOCUF,Manager
Gwenny Kisting,gkistingre@seattletimes.com,LLMKKJDc?t0J)|,Member
Matthaeus Grice,mgricerf@uiuc.edu,BHDMTXVJ,Member
Thomasa Alfonzo,talfonzorg@whitehouse.gov,XOZIHBVYF|Z,Lead
Bonnie Lavallie,blavallierh@google.co.jp,ZIQJYCWTxS,Member
Kareem Loges,klogesri@nsw.gov.au,WIQVTHWrw_'yEx/,Manager
Ardelle Callear,acallearrj@virginia.edu,RTLKCVAoHy9AKdwN,Manager
Jeffrey Besse,jbesserk@freewebs.com,WTDKGODK,Member
Donnie Preator,dpreatorrl@dagondesign.com,WBVSINM+1,Member
Gillie MacLoughlin,gmacloughlinrm@dell.com,EFQJFMW4C,Manager
Evonne Avent,eaventrn@printfriendly.com,ZZVBAGDt?)+CFA,Member
Cosette Aynscombe,caynscombero@nih.gov,KQPZGSQS4G,Lead
Benyamin Aldus,baldusrp@sciencedaily.com,IOIQFJBG9%m}X,Member
Gibbie Powter,gpowterrq@tamu.edu,KILIOZM7V2v,Manager
Kath McElroy,kmcelroyrr@home.pl,WSVFVTElzx,Manager
