id,user_name,email,password,first_name
1,1001,crobottom0@w3.org,oqlawJ13EwV2,CONSTANTINE
2,1002,stompkinson1@google.co.jp,wdkcqI65U5r,STEFANIA
3,1003,breadwood2@networksolutions.com,sxeriG21,BERNADETTE
4,1004,dhaylands3@free.fr,igrfhB75,DOMINGA
5,1005,lioan4@phoca.cz,kfhzfE18,LEMMIE
6,1006,seadon5@pcworld.com,zhjyiL64,SIMEON
7,1007,aalloisi6@cmu.edu,tytzjS05ds?Ly(xt,ASTRIX
8,1008,sputley7@geocities.com,jiswkS58h,SHANIE
9,1009,rheffy8@nifty.com,uldxiP91JMAtNxn#,REE
10,1010,pgalle9@boston.com,vkvmgO77=,PRENTICE
