id,user_name,email,password,first_name,role
1,1001,jgeany0@samsung.com, ,Jerrilyn,member
2,1002,bsilbert1@de.vu,toRRPX515JM48Y,Belia,member
3,1003,meves2@google.it,nwBKNV607,Marc,member
4,1004,hgyngyll3@cafepress.com,zvATMT06g4K,Hamil,member
5,1005,dcobb4@netvibes.com,hrBHSA15j5SV,Dix,member
6,1006,eshaylor5@google.com.br,erCFUT78u,Egon,member
7,1007,lwittey6@storify.com,pdXNCT05f0,Lian,member
8,1008,aavrahamof7@bloglovin.com,lgVSXR67j,Ardath,member
9,1009,nadamolli8@go.com,gvSPEA29$4bJpN,Nye,member
10,1010,mucceli9@imgur.com,ngDBFQ666vp,Mickie,member
